Month,Mean TemperatureF
Apr,61.956043956043956
Jan,32.13333333333333
Jul,68.93478260869566
Oct,43.43478260869565