,mpg,hp,weight,accel,displ
mpg,1.0000000000000004,-0.7784267838977756,-0.8322442148315756,0.4233285369027873,-0.8051269467104579
hp,-0.7784267838977756,0.9999999999999987,0.864537737574143,-0.6891955103342362,0.8972570018434679
weight,-0.8322442148315756,0.864537737574143,0.9999999999999996,-0.4168392020037064,0.9329944040890106
accel,0.4233285369027873,-0.6891955103342362,-0.4168392020037064,1.0000000000000013,-0.5438004967345674
displ,-0.8051269467104579,0.8972570018434679,0.9329944040890106,-0.5438004967345674,0.9999999999999998